Area Name,Age Group,Total,Male,Female,,,,,,,,,,,,,,,,,,
Washington,0-4,"439,657","225,088","214,569",,,,,,,,,,,,,,,,,,
Washington,5-9,"429,877","219,702","210,175",,,,,,,,,,,,,,,,,,
Washington,10-14,"438,233","224,717","213,516",,,,,,,,,,,,,,,,,,
Washington,15-19,"462,128","237,577","224,551",,,,,,,,,,,,,,,,,,
Washington,20-24,"461,512","238,131","223,381",,,,,,,,,,,,,,,,,,
Washington,25-29,"480,398","245,014","235,384",,,,,,,,,,,,,,,,,,
Washington,30-34,"453,383","229,863","223,520",,,,,,,,,,,,,,,,,,
Washington,35-39,"448,607","226,850","221,757",,,,,,,,,,,,,,,,,,
Washington,40-44,"459,698","232,587","227,111",,,,,,,,,,,,,,,,,,
Washington,45-49,"492,909","246,507","246,402",,,,,,,,,,,,,,,,,,
Washington,50-54,"495,296","245,997","249,299",,,,,,,,,,,,,,,,,,
Washington,55-59,"453,078","221,321","231,757",,,,,,,,,,,,,,,,,,
Washington,60-64,"382,087","186,378","195,709",,,,,,,,,,,,,,,,,,
Washington,65-69,"270,474","131,064","139,410",,,,,,,,,,,,,,,,,,
Washington,70-74,"186,746","88,760","97,986",,,,,,,,,,,,,,,,,,
Washington,75-79,"142,068","64,325","77,743",,,,,,,,,,,,,,,,,,
Washington,80-84,"111,118","45,743","65,375",,,,,,,,,,,,,,,,,,
Washington,85+,"117,271","40,083","77,188",,,,,,,,,,,,,,,,,,
Washington,Total,"6,724,540","3,349,707","3,374,833",,,,,,,,,,,,,,,,,,
Adams,0-4,"2,015","1,071",944,,,,,,,,,,,,,,,,,,
Adams,5-9,"1,811",924,887,,,,,,,,,,,,,,,,,,
Adams,10-14,"1,647",831,816,,,,,,,,,,,,,,,,,,
Adams,15-19,"1,649",907,742,,,,,,,,,,,,,,,,,,
Adams,20-24,"1,261",664,597,,,,,,,,,,,,,,,,,,
Adams,25-29,"1,242",612,630,,,,,,,,,,,,,,,,,,
Adams,30-34,"1,256",627,629,,,,,,,,,,,,,,,,,,
Adams,35-39,"1,144",587,557,,,,,,,,,,,,,,,,,,
Adams,40-44,"1,055",553,502,,,,,,,,,,,,,,,,,,
Adams,45-49,"1,037",520,517,,,,,,,,,,,,,,,,,,
Adams,50-54,"1,003",488,515,,,,,,,,,,,,,,,,,,
Adams,55-59,957,489,468,,,,,,,,,,,,,,,,,,
Adams,60-64,736,345,391,,,,,,,,,,,,,,,,,,
Adams,65-69,599,328,271,,,,,,,,,,,,,,,,,,
Adams,70-74,449,220,229,,,,,,,,,,,,,,,,,,
Adams,75-79,336,157,179,,,,,,,,,,,,,,,,,,
Adams,80-84,267,132,135,,,,,,,,,,,,,,,,,,
Adams,85+,264,89,175,,,,,,,,,,,,,,,,,,
Adams,Total,"18,728","9,544","9,184",,,,,,,,,,,,,,,,,,
Asotin,0-4,"1,261",627,634,,,,,,,,,,,,,,,,,,
Asotin,5-9,"1,335",660,675,,,,,,,,,,,,,,,,,,
Asotin,10-14,"1,273",666,607,,,,,,,,,,,,,,,,,,
Asotin,15-19,"1,395",713,682,,,,,,,,,,,,,,,,,,
Asotin,20-24,"1,188",580,608,,,,,,,,,,,,,,,,,,
Asotin,25-29,"1,245",571,674,,,,,,,,,,,,,,,,,,
Asotin,30-34,"1,168",585,583,,,,,,,,,,,,,,,,,,
Asotin,35-39,"1,096",536,560,,,,,,,,,,,,,,,,,,
Asotin,40-44,"1,214",576,638,,,,,,,,,,,,,,,,,,
Asotin,45-49,"1,536",744,792,,,,,,,,,,,,,,,,,,
Asotin,50-54,"1,650",775,875,,,,,,,,,,,,,,,,,,
Asotin,55-59,"1,613",794,819,,,,,,,,,,,,,,,,,,
Asotin,60-64,"1,477",708,769,,,,,,,,,,,,,,,,,,
Asotin,65-69,"1,267",614,653,,,,,,,,,,,,,,,,,,
Asotin,70-74,"1,043",524,519,,,,,,,,,,,,,,,,,,
Asotin,75-79,776,360,416,,,,,,,,,,,,,,,,,,
Asotin,80-84,570,238,332,,,,,,,,,,,,,,,,,,
Asotin,85+,516,182,334,,,,,,,,,,,,,,,,,,
Asotin,Total,"21,623","10,453","11,170",,,,,,,,,,,,,,,,,,
Benton,0-4,"13,071","6,706","6,365",,,,,,,,,,,,,,,,,,
Benton,5-9,"13,081","6,743","6,338",,,,,,,,,,,,,,,,,,
Benton,10-14,"13,350","6,880","6,470",,,,,,,,,,,,,,,,,,
Benton,15-19,"12,914","6,642","6,272",,,,,,,,,,,,,,,,,,
Benton,20-24,"10,955","5,533","5,422",,,,,,,,,,,,,,,,,,
Benton,25-29,"11,972","6,097","5,875",,,,,,,,,,,,,,,,,,
Benton,30-34,"11,066","5,570","5,496",,,,,,,,,,,,,,,,,,
Benton,35-39,"10,672","5,362","5,310",,,,,,,,,,,,,,,,,,
Benton,40-44,"11,062","5,455","5,607",,,,,,,,,,,,,,,,,,
Benton,45-49,"12,443","6,119","6,324",,,,,,,,,,,,,,,,,,
Benton,50-54,"12,624","6,323","6,301",,,,,,,,,,,,,,,,,,
Benton,55-59,"11,759","5,913","5,846",,,,,,,,,,,,,,,,,,
Benton,60-64,"9,622","4,858","4,764",,,,,,,,,,,,,,,,,,
Benton,65-69,"6,787","3,332","3,455",,,,,,,,,,,,,,,,,,
Benton,70-74,"4,728","2,281","2,447",,,,,,,,,,,,,,,,,,
Benton,75-79,"3,546","1,576","1,970",,,,,,,,,,,,,,,,,,
Benton,80-84,"2,747","1,156","1,591",,,,,,,,,,,,,,,,,,
Benton,85+,"2,778",940,"1,838",,,,,,,,,,,,,,,,,,
Benton,Total,"175,177","87,486","87,691",,,,,,,,,,,,,,,,,,
Chelan,0-4,"4,915","2,577","2,338",,,,,,,,,,,,,,,,,,
Chelan,5-9,"4,864","2,517","2,347",,,,,,,,,,,,,,,,,,
Chelan,10-14,"5,072","2,554","2,518",,,,,,,,,,,,,,,,,,
Chelan,15-19,"5,202","2,668","2,534",,,,,,,,,,,,,,,,,,
Chelan,20-24,"4,260","2,239","2,021",,,,,,,,,,,,,,,,,,
Chelan,25-29,"4,309","2,229","2,080",,,,,,,,,,,,,,,,,,
Chelan,30-34,"4,098","2,058","2,040",,,,,,,,,,,,,,,,,,
Chelan,35-39,"4,082","2,004","2,078",,,,,,,,,,,,,,,,,,
Chelan,40-44,"4,291","2,151","2,140",,,,,,,,,,,,,,,,,,
Chelan,45-49,"5,034","2,487","2,547",,,,,,,,,,,,,,,,,,
Chelan,50-54,"5,523","2,699","2,824",,,,,,,,,,,,,,,,,,
Chelan,55-59,"5,214","2,627","2,587",,,,,,,,,,,,,,,,,,
Chelan,60-64,"4,414","2,205","2,209",,,,,,,,,,,,,,,,,,
Chelan,65-69,"3,237","1,588","1,649",,,,,,,,,,,,,,,,,,
Chelan,70-74,"2,582","1,272","1,310",,,,,,,,,,,,,,,,,,
Chelan,75-79,"1,961",927,"1,034",,,,,,,,,,,,,,,,,,
Chelan,80-84,"1,562",658,904,,,,,,,,,,,,,,,,,,
Chelan,85+,"1,833",670,"1,163",,,,,,,,,,,,,,,,,,
Chelan,Total,"72,453","36,130","36,323",,,,,,,,,,,,,,,,,,
Clallam,0-4,"3,363","1,792","1,571",,,,,,,,,,,,,,,,,,
Clallam,5-9,"3,398","1,734","1,664",,,,,,,,,,,,,,,,,,
Clallam,10-14,"3,822","1,935","1,887",,,,,,,,,,,,,,,,,,
Clallam,15-19,"3,994","2,160","1,834",,,,,,,,,,,,,,,,,,
Clallam,20-24,"3,598","2,004","1,594",,,,,,,,,,,,,,,,,,
Clallam,25-29,"3,591","1,917","1,674",,,,,,,,,,,,,,,,,,
Clallam,30-34,"3,460","1,848","1,612",,,,,,,,,,,,,,,,,,
Clallam,35-39,"3,365","1,736","1,629",,,,,,,,,,,,,,,,,,
Clallam,40-44,"3,579","1,799","1,780",,,,,,,,,,,,,,,,,,
Clallam,45-49,"4,497","2,165","2,332",,,,,,,,,,,,,,,,,,
Clallam,50-54,"5,480","2,647","2,833",,,,,,,,,,,,,,,,,,
Clallam,55-59,"6,093","2,854","3,239",,,,,,,,,,,,,,,,,,
Clallam,60-64,"5,975","2,824","3,151",,,,,,,,,,,,,,,,,,
Clallam,65-69,"5,255","2,509","2,746",,,,,,,,,,,,,,,,,,
Clallam,70-74,"3,961","2,001","1,960",,,,,,,,,,,,,,,,,,
Clallam,75-79,"3,021","1,430","1,591",,,,,,,,,,,,,,,,,,
Clallam,80-84,"2,439","1,121","1,318",,,,,,,,,,,,,,,,,,
Clallam,85+,"2,513",953,"1,560",,,,,,,,,,,,,,,,,,
Clallam,Total,"71,404","35,429","35,975",,,,,,,,,,,,,,,,,,
Clark,0-4,"29,429","15,047","14,382",,,,,,,,,,,,,,,,,,
Clark,5-9,"31,139","15,990","15,149",,,,,,,,,,,,,,,,,,
Clark,10-14,"32,840","16,908","15,932",,,,,,,,,,,,,,,,,,
Clark,15-19,"30,021","15,457","14,564",,,,,,,,,,,,,,,,,,
Clark,20-24,"24,383","12,178","12,205",,,,,,,,,,,,,,,,,,
Clark,25-29,"26,418","12,970","13,448",,,,,,,,,,,,,,,,,,
Clark,30-34,"28,467","13,941","14,526",,,,,,,,,,,,,,,,,,
Clark,35-39,"29,691","14,728","14,963",,,,,,,,,,,,,,,,,,
Clark,40-44,"29,997","15,076","14,921",,,,,,,,,,,,,,,,,,
Clark,45-49,"31,452","15,468","15,984",,,,,,,,,,,,,,,,,,
Clark,50-54,"30,440","15,132","15,308",,,,,,,,,,,,,,,,,,
Clark,55-59,"28,119","13,504","14,615",,,,,,,,,,,,,,,,,,
Clark,60-64,"24,257","11,712","12,545",,,,,,,,,,,,,,,,,,
Clark,65-69,"16,888","8,194","8,694",,,,,,,,,,,,,,,,,,
Clark,70-74,"11,194","5,388","5,806",,,,,,,,,,,,,,,,,,
Clark,75-79,"7,916","3,544","4,372",,,,,,,,,,,,,,,,,,
Clark,80-84,"6,304","2,565","3,739",,,,,,,,,,,,,,,,,,
Clark,85+,"6,408","2,152","4,256",,,,,,,,,,,,,,,,,,
Clark,Total,"425,363","209,954","215,409",,,,,,,,,,,,,,,,,,
Columbia,0-4,216,115,101,,,,,,,,,,,,,,,,,,
Columbia,5-9,197,100,97,,,,,,,,,,,,,,,,,,
Columbia,10-14,247,116,131,,,,,,,,,,,,,,,,,,
Columbia,15-19,230,118,112,,,,,,,,,,,,,,,,,,
Columbia,20-24,158,76,82,,,,,,,,,,,,,,,,,,
Columbia,25-29,182,94,88,,,,,,,,,,,,,,,,,,
Columbia,30-34,166,92,74,,,,,,,,,,,,,,,,,,
Columbia,35-39,193,89,104,,,,,,,,,,,,,,,,,,
Columbia,40-44,229,124,105,,,,,,,,,,,,,,,,,,
Columbia,45-49,324,158,166,,,,,,,,,,,,,,,,,,
Columbia,50-54,306,154,152,,,,,,,,,,,,,,,,,,
Columbia,55-59,342,171,171,,,,,,,,,,,,,,,,,,
Columbia,60-64,351,178,173,,,,,,,,,,,,,,,,,,
Columbia,65-69,305,144,161,,,,,,,,,,,,,,,,,,
Columbia,70-74,222,119,103,,,,,,,,,,,,,,,,,,
Columbia,75-79,149,68,81,,,,,,,,,,,,,,,,,,
Columbia,80-84,116,52,64,,,,,,,,,,,,,,,,,,
Columbia,85+,145,54,91,,,,,,,,,,,,,,,,,,
Columbia,Total,"4,078","2,022","2,056",,,,,,,,,,,,,,,,,,
Cowlitz,0-4,"6,564","3,274","3,290",,,,,,,,,,,,,,,,,,
Cowlitz,5-9,"6,760","3,370","3,390",,,,,,,,,,,,,,,,,,
Cowlitz,10-14,"6,994","3,593","3,401",,,,,,,,,,,,,,,,,,
Cowlitz,15-19,"7,157","3,656","3,501",,,,,,,,,,,,,,,,,,
Cowlitz,20-24,"5,683","2,820","2,863",,,,,,,,,,,,,,,,,,
Cowlitz,25-29,"5,702","2,837","2,865",,,,,,,,,,,,,,,,,,
Cowlitz,30-34,"5,956","2,975","2,981",,,,,,,,,,,,,,,,,,
Cowlitz,35-39,"6,140","3,061","3,079",,,,,,,,,,,,,,,,,,
Cowlitz,40-44,"6,420","3,189","3,231",,,,,,,,,,,,,,,,,,
Cowlitz,45-49,"7,237","3,632","3,605",,,,,,,,,,,,,,,,,,
Cowlitz,50-54,"7,837","3,947","3,890",,,,,,,,,,,,,,,,,,
Cowlitz,55-59,"7,342","3,644","3,698",,,,,,,,,,,,,,,,,,
Cowlitz,60-64,"6,813","3,341","3,472",,,,,,,,,,,,,,,,,,
Cowlitz,65-69,"5,173","2,557","2,616",,,,,,,,,,,,,,,,,,
Cowlitz,70-74,"3,618","1,760","1,858",,,,,,,,,,,,,,,,,,
Cowlitz,75-79,"2,728","1,258","1,470",,,,,,,,,,,,,,,,,,
Cowlitz,80-84,"2,117",885,"1,232",,,,,,,,,,,,,,,,,,
Cowlitz,85+,"2,169",743,"1,426",,,,,,,,,,,,,,,,,,
Cowlitz,Total,"102,410","50,542","51,868",,,,,,,,,,,,,,,,,,
Douglas,0-4,"2,803","1,434","1,369",,,,,,,,,,,,,,,,,,
Douglas,5-9,"2,832","1,418","1,414",,,,,,,,,,,,,,,,,,
Douglas,10-14,"2,956","1,540","1,416",,,,,,,,,,,,,,,,,,
Douglas,15-19,"2,895","1,504","1,391",,,,,,,,,,,,,,,,,,
Douglas,20-24,"2,192","1,141","1,051",,,,,,,,,,,,,,,,,,
Douglas,25-29,"2,360","1,209","1,151",,,,,,,,,,,,,,,,,,
Douglas,30-34,"2,344","1,151","1,193",,,,,,,,,,,,,,,,,,
Douglas,35-39,"2,342","1,159","1,183",,,,,,,,,,,,,,,,,,
Douglas,40-44,"2,318","1,150","1,168",,,,,,,,,,,,,,,,,,
Douglas,45-49,"2,591","1,301","1,290",,,,,,,,,,,,,,,,,,
Douglas,50-54,"2,685","1,345","1,340",,,,,,,,,,,,,,,,,,
Douglas,55-59,"2,514","1,239","1,275",,,,,,,,,,,,,,,,,,
Douglas,60-64,"2,156","1,066","1,090",,,,,,,,,,,,,,,,,,
Douglas,65-69,"1,747",869,878,,,,,,,,,,,,,,,,,,
Douglas,70-74,"1,291",640,651,,,,,,,,,,,,,,,,,,
Douglas,75-79,"1,008",487,521,,,,,,,,,,,,,,,,,,
Douglas,80-84,701,298,403,,,,,,,,,,,,,,,,,,
Douglas,85+,696,247,449,,,,,,,,,,,,,,,,,,
Douglas,Total,"38,431","19,198","19,233",,,,,,,,,,,,,,,,,,
Ferry,0-4,388,199,189,,,,,,,,,,,,,,,,,,
Ferry,5-9,376,220,156,,,,,,,,,,,,,,,,,,
Ferry,10-14,430,203,227,,,,,,,,,,,,,,,,,,
Ferry,15-19,543,322,221,,,,,,,,,,,,,,,,,,
Ferry,20-24,402,225,177,,,,,,,,,,,,,,,,,,
Ferry,25-29,335,172,163,,,,,,,,,,,,,,,,,,
Ferry,30-34,317,167,150,,,,,,,,,,,,,,,,,,
Ferry,35-39,340,178,162,,,,,,,,,,,,,,,,,,
Ferry,40-44,401,180,221,,,,,,,,,,,,,,,,,,
Ferry,45-49,538,262,276,,,,,,,,,,,,,,,,,,
Ferry,50-54,614,295,319,,,,,,,,,,,,,,,,,,
Ferry,55-59,759,388,371,,,,,,,,,,,,,,,,,,
Ferry,60-64,680,376,304,,,,,,,,,,,,,,,,,,
Ferry,65-69,523,258,265,,,,,,,,,,,,,,,,,,
Ferry,70-74,377,210,167,,,,,,,,,,,,,,,,,,
Ferry,75-79,240,136,104,,,,,,,,,,,,,,,,,,
Ferry,80-84,135,65,70,,,,,,,,,,,,,,,,,,
Ferry,85+,153,49,104,,,,,,,,,,,,,,,,,,
Ferry,Total,"7,551","3,905","3,646",,,,,,,,,,,,,,,,,,
Franklin,0-4,"8,297","4,251","4,046",,,,,,,,,,,,,,,,,,
Franklin,5-9,"7,699","3,935","3,764",,,,,,,,,,,,,,,,,,
Franklin,10-14,"6,912","3,572","3,340",,,,,,,,,,,,,,,,,,
Franklin,15-19,"6,214","3,218","2,996",,,,,,,,,,,,,,,,,,
Franklin,20-24,"5,645","2,986","2,659",,,,,,,,,,,,,,,,,,
Franklin,25-29,"6,482","3,416","3,066",,,,,,,,,,,,,,,,,,
Franklin,30-34,"6,187","3,264","2,923",,,,,,,,,,,,,,,,,,
Franklin,35-39,"5,464","2,824","2,640",,,,,,,,,,,,,,,,,,
Franklin,40-44,"4,683","2,542","2,141",,,,,,,,,,,,,,,,,,
Franklin,45-49,"4,278","2,206","2,072",,,,,,,,,,,,,,,,,,
Franklin,50-54,"4,078","2,111","1,967",,,,,,,,,,,,,,,,,,
Franklin,55-59,"3,734","1,980","1,754",,,,,,,,,,,,,,,,,,
Franklin,60-64,"2,794","1,435","1,359",,,,,,,,,,,,,,,,,,
Franklin,65-69,"1,948",974,974,,,,,,,,,,,,,,,,,,
Franklin,70-74,"1,342",675,667,,,,,,,,,,,,,,,,,,
Franklin,75-79,993,463,530,,,,,,,,,,,,,,,,,,
Franklin,80-84,780,330,450,,,,,,,,,,,,,,,,,,
Franklin,85+,633,265,368,,,,,,,,,,,,,,,,,,
Franklin,Total,"78,163","40,447","37,716",,,,,,,,,,,,,,,,,,
Garfield,0-4,96,49,47,,,,,,,,,,,,,,,,,,
Garfield,5-9,107,52,55,,,,,,,,,,,,,,,,,,
Garfield,10-14,159,85,74,,,,,,,,,,,,,,,,,,
Garfield,15-19,148,81,67,,,,,,,,,,,,,,,,,,
Garfield,20-24,75,43,32,,,,,,,,,,,,,,,,,,
Garfield,25-29,89,42,47,,,,,,,,,,,,,,,,,,
Garfield,30-34,105,53,52,,,,,,,,,,,,,,,,,,
Garfield,35-39,116,64,52,,,,,,,,,,,,,,,,,,
Garfield,40-44,107,43,64,,,,,,,,,,,,,,,,,,
Garfield,45-49,165,81,84,,,,,,,,,,,,,,,,,,
Garfield,50-54,183,97,86,,,,,,,,,,,,,,,,,,
Garfield,55-59,221,107,114,,,,,,,,,,,,,,,,,,
Garfield,60-64,189,94,95,,,,,,,,,,,,,,,,,,
Garfield,65-69,127,70,57,,,,,,,,,,,,,,,,,,
Garfield,70-74,94,41,53,,,,,,,,,,,,,,,,,,
Garfield,75-79,101,46,55,,,,,,,,,,,,,,,,,,
Garfield,80-84,88,37,51,,,,,,,,,,,,,,,,,,
Garfield,85+,96,33,63,,,,,,,,,,,,,,,,,,
Garfield,Total,"2,266","1,118","1,148",,,,,,,,,,,,,,,,,,
Grant,0-4,"8,075","4,126","3,949",,,,,,,,,,,,,,,,,,
Grant,5-9,"7,421","3,733","3,688",,,,,,,,,,,,,,,,,,
Grant,10-14,"7,350","3,760","3,590",,,,,,,,,,,,,,,,,,
Grant,15-19,"7,193","3,799","3,394",,,,,,,,,,,,,,,,,,
Grant,20-24,"6,101","3,338","2,763",,,,,,,,,,,,,,,,,,
Grant,25-29,"6,008","3,178","2,830",,,,,,,,,,,,,,,,,,
Grant,30-34,"5,681","2,855","2,826",,,,,,,,,,,,,,,,,,
Grant,35-39,"5,492","2,781","2,711",,,,,,,,,,,,,,,,,,
Grant,40-44,"5,180","2,692","2,488",,,,,,,,,,,,,,,,,,
Grant,45-49,"5,429","2,778","2,651",,,,,,,,,,,,,,,,,,
Grant,50-54,"5,396","2,748","2,648",,,,,,,,,,,,,,,,,,
Grant,55-59,"4,935","2,504","2,431",,,,,,,,,,,,,,,,,,
Grant,60-64,"4,328","2,135","2,193",,,,,,,,,,,,,,,,,,
Grant,65-69,"3,469","1,765","1,704",,,,,,,,,,,,,,,,,,
Grant,70-74,"2,383","1,169","1,214",,,,,,,,,,,,,,,,,,
Grant,75-79,"1,982",953,"1,029",,,,,,,,,,,,,,,,,,
Grant,80-84,"1,409",630,779,,,,,,,,,,,,,,,,,,
Grant,85+,"1,288",476,812,,,,,,,,,,,,,,,,,,
Grant,Total,"89,120","45,420","43,700",,,,,,,,,,,,,,,,,,
Grays Harbor,0-4,"4,260","2,136","2,124",,,,,,,,,,,,,,,,,,
Grays Harbor,5-9,"4,141","2,073","2,068",,,,,,,,,,,,,,,,,,
Grays Harbor,10-14,"4,493","2,304","2,189",,,,,,,,,,,,,,,,,,
Grays Harbor,15-19,"4,770","2,499","2,271",,,,,,,,,,,,,,,,,,
Grays Harbor,20-24,"4,312","2,364","1,948",,,,,,,,,,,,,,,,,,
Grays Harbor,25-29,"4,294","2,347","1,947",,,,,,,,,,,,,,,,,,
Grays Harbor,30-34,"4,266","2,361","1,905",,,,,,,,,,,,,,,,,,
Grays Harbor,35-39,"4,216","2,296","1,920",,,,,,,,,,,,,,,,,,
Grays Harbor,40-44,"4,390","2,354","2,036",,,,,,,,,,,,,,,,,,
Grays Harbor,45-49,"5,176","2,682","2,494",,,,,,,,,,,,,,,,,,
Grays Harbor,50-54,"5,707","2,879","2,828",,,,,,,,,,,,,,,,,,
Grays Harbor,55-59,"5,634","2,842","2,792",,,,,,,,,,,,,,,,,,
Grays Harbor,60-64,"5,289","2,607","2,682",,,,,,,,,,,,,,,,,,
Grays Harbor,65-69,"3,933","2,020","1,913",,,,,,,,,,,,,,,,,,
Grays Harbor,70-74,"2,936","1,443","1,493",,,,,,,,,,,,,,,,,,
Grays Harbor,75-79,"2,022",975,"1,047",,,,,,,,,,,,,,,,,,
Grays Harbor,80-84,"1,509",628,881,,,,,,,,,,,,,,,,,,
Grays Harbor,85+,"1,449",547,902,,,,,,,,,,,,,,,,,,
Grays Harbor,Total,"72,797","37,357","35,440",,,,,,,,,,,,,,,,,,
Island,0-4,"4,542","2,268","2,274",,,,,,,,,,,,,,,,,,
Island,5-9,"4,338","2,274","2,064",,,,,,,,,,,,,,,,,,
Island,10-14,"4,518","2,333","2,185",,,,,,,,,,,,,,,,,,
Island,15-19,"4,615","2,384","2,231",,,,,,,,,,,,,,,,,,
Island,20-24,"5,157","2,901","2,256",,,,,,,,,,,,,,,,,,
Island,25-29,"5,023","2,717","2,306",,,,,,,,,,,,,,,,,,
Island,30-34,"4,121","2,077","2,044",,,,,,,,,,,,,,,,,,
Island,35-39,"4,053","2,026","2,027",,,,,,,,,,,,,,,,,,
Island,40-44,"4,412","2,154","2,258",,,,,,,,,,,,,,,,,,
Island,45-49,"5,251","2,543","2,708",,,,,,,,,,,,,,,,,,
Island,50-54,"5,730","2,646","3,084",,,,,,,,,,,,,,,,,,
Island,55-59,"6,206","2,842","3,364",,,,,,,,,,,,,,,,,,
Island,60-64,"6,101","2,935","3,166",,,,,,,,,,,,,,,,,,
Island,65-69,"4,994","2,360","2,634",,,,,,,,,,,,,,,,,,
Island,70-74,"3,500","1,736","1,764",,,,,,,,,,,,,,,,,,
Island,75-79,"2,475","1,205","1,270",,,,,,,,,,,,,,,,,,
Island,80-84,"1,718",788,930,,,,,,,,,,,,,,,,,,
Island,85+,"1,752",668,"1,084",,,,,,,,,,,,,,,,,,
Island,Total,"78,506","38,857","39,649",,,,,,,,,,,,,,,,,,
Jefferson,0-4,"1,068",554,514,,,,,,,,,,,,,,,,,,
Jefferson,5-9,"1,127",556,571,,,,,,,,,,,,,,,,,,
Jefferson,10-14,"1,367",694,673,,,,,,,,,,,,,,,,,,
Jefferson,15-19,"1,354",696,658,,,,,,,,,,,,,,,,,,
Jefferson,20-24,"1,105",619,486,,,,,,,,,,,,,,,,,,
Jefferson,25-29,"1,121",611,510,,,,,,,,,,,,,,,,,,
Jefferson,30-34,"1,197",605,592,,,,,,,,,,,,,,,,,,
Jefferson,35-39,"1,253",649,604,,,,,,,,,,,,,,,,,,
Jefferson,40-44,"1,478",763,715,,,,,,,,,,,,,,,,,,
Jefferson,45-49,"1,942",913,"1,029",,,,,,,,,,,,,,,,,,
Jefferson,50-54,"2,561","1,204","1,357",,,,,,,,,,,,,,,,,,
Jefferson,55-59,"3,063","1,438","1,625",,,,,,,,,,,,,,,,,,
Jefferson,60-64,"3,394","1,616","1,778",,,,,,,,,,,,,,,,,,
Jefferson,65-69,"2,852","1,422","1,430",,,,,,,,,,,,,,,,,,
Jefferson,70-74,"1,878",959,919,,,,,,,,,,,,,,,,,,
Jefferson,75-79,"1,338",700,638,,,,,,,,,,,,,,,,,,
Jefferson,80-84,948,477,471,,,,,,,,,,,,,,,,,,
Jefferson,85+,826,322,504,,,,,,,,,,,,,,,,,,
Jefferson,Total,"29,872","14,798","15,074",,,,,,,,,,,,,,,,,,
King,0-4,"120,294","61,616","58,678",,,,,,,,,,,,,,,,,,
King,5-9,"113,295","57,899","55,396",,,,,,,,,,,,,,,,,,
King,10-14,"110,789","56,832","53,957",,,,,,,,,,,,,,,,,,
King,15-19,"117,514","60,118","57,396",,,,,,,,,,,,,,,,,,
King,20-24,"129,822","65,628","64,194",,,,,,,,,,,,,,,,,,
King,25-29,"160,656","81,708","78,948",,,,,,,,,,,,,,,,,,
King,30-34,"152,061","77,549","74,512",,,,,,,,,,,,,,,,,,
King,35-39,"149,158","75,962","73,196",,,,,,,,,,,,,,,,,,
King,40-44,"147,632","75,601","72,031",,,,,,,,,,,,,,,,,,
King,45-49,"147,837","74,745","73,092",,,,,,,,,,,,,,,,,,
King,50-54,"143,295","71,813","71,482",,,,,,,,,,,,,,,,,,
King,55-59,"126,272","61,981","64,291",,,,,,,,,,,,,,,,,,
King,60-64,"101,945","49,447","52,498",,,,,,,,,,,,,,,,,,
King,65-69,"67,317","32,165","35,152",,,,,,,,,,,,,,,,,,
King,70-74,"45,430","20,930","24,500",,,,,,,,,,,,,,,,,,
King,75-79,"35,200","15,485","19,715",,,,,,,,,,,,,,,,,,
King,80-84,"28,948","11,429","17,519",,,,,,,,,,,,,,,,,,
King,85+,"33,784","11,182","22,602",,,,,,,,,,,,,,,,,,
King,Total,"1,931,249","962,090","969,159",,,,,,,,,,,,,,,,,,
Kitsap,0-4,"14,831","7,515","7,316",,,,,,,,,,,,,,,,,,
Kitsap,5-9,"15,139","7,726","7,413",,,,,,,,,,,,,,,,,,
Kitsap,10-14,"15,987","8,309","7,678",,,,,,,,,,,,,,,,,,
Kitsap,15-19,"17,259","9,024","8,235",,,,,,,,,,,,,,,,,,
Kitsap,20-24,"18,696","11,108","7,588",,,,,,,,,,,,,,,,,,
Kitsap,25-29,"16,880","9,243","7,637",,,,,,,,,,,,,,,,,,
Kitsap,30-34,"14,394","7,467","6,927",,,,,,,,,,,,,,,,,,
Kitsap,35-39,"14,334","7,269","7,065",,,,,,,,,,,,,,,,,,
Kitsap,40-44,"16,189","7,936","8,253",,,,,,,,,,,,,,,,,,
Kitsap,45-49,"19,029","9,472","9,557",,,,,,,,,,,,,,,,,,
Kitsap,50-54,"19,753","9,665","10,088",,,,,,,,,,,,,,,,,,
Kitsap,55-59,"18,878","9,249","9,629",,,,,,,,,,,,,,,,,,
Kitsap,60-64,"16,468","7,962","8,506",,,,,,,,,,,,,,,,,,
Kitsap,65-69,"11,646","5,737","5,909",,,,,,,,,,,,,,,,,,
Kitsap,70-74,"7,506","3,678","3,828",,,,,,,,,,,,,,,,,,
Kitsap,75-79,"5,375","2,460","2,915",,,,,,,,,,,,,,,,,,
Kitsap,80-84,"4,259","1,764","2,495",,,,,,,,,,,,,,,,,,
Kitsap,85+,"4,510","1,571","2,939",,,,,,,,,,,,,,,,,,
Kitsap,Total,"251,133","127,155","123,978",,,,,,,,,,,,,,,,,,
Kittitas,0-4,"2,034","1,029","1,005",,,,,,,,,,,,,,,,,,
Kittitas,5-9,"2,040","1,033","1,007",,,,,,,,,,,,,,,,,,
Kittitas,10-14,"2,147","1,105","1,042",,,,,,,,,,,,,,,,,,
Kittitas,15-19,"3,879","1,929","1,950",,,,,,,,,,,,,,,,,,
Kittitas,20-24,"6,822","3,653","3,169",,,,,,,,,,,,,,,,,,
Kittitas,25-29,"2,764","1,535","1,229",,,,,,,,,,,,,,,,,,
Kittitas,30-34,"2,013","1,009","1,004",,,,,,,,,,,,,,,,,,
Kittitas,35-39,"2,010","1,016",994,,,,,,,,,,,,,,,,,,
Kittitas,40-44,"2,100","1,068","1,032",,,,,,,,,,,,,,,,,,
Kittitas,45-49,"2,399","1,191","1,208",,,,,,,,,,,,,,,,,,
Kittitas,50-54,"2,673","1,349","1,324",,,,,,,,,,,,,,,,,,
Kittitas,55-59,"2,534","1,275","1,259",,,,,,,,,,,,,,,,,,
Kittitas,60-64,"2,288","1,140","1,148",,,,,,,,,,,,,,,,,,
Kittitas,65-69,"1,808",906,902,,,,,,,,,,,,,,,,,,
Kittitas,70-74,"1,256",651,605,,,,,,,,,,,,,,,,,,
Kittitas,75-79,824,389,435,,,,,,,,,,,,,,,,,,
Kittitas,80-84,603,259,344,,,,,,,,,,,,,,,,,,
Kittitas,85+,721,256,465,,,,,,,,,,,,,,,,,,
Kittitas,Total,"40,915","20,793","20,122",,,,,,,,,,,,,,,,,,
Klickitat,0-4,"1,114",561,553,,,,,,,,,,,,,,,,,,
Klickitat,5-9,"1,207",630,577,,,,,,,,,,,,,,,,,,
Klickitat,10-14,"1,336",708,628,,,,,,,,,,,,,,,,,,
Klickitat,15-19,"1,231",608,623,,,,,,,,,,,,,,,,,,
Klickitat,20-24,832,434,398,,,,,,,,,,,,,,,,,,
Klickitat,25-29,927,494,433,,,,,,,,,,,,,,,,,,
Klickitat,30-34,"1,031",498,533,,,,,,,,,,,,,,,,,,
Klickitat,35-39,"1,195",616,579,,,,,,,,,,,,,,,,,,
Klickitat,40-44,"1,208",634,574,,,,,,,,,,,,,,,,,,
Klickitat,45-49,"1,423",720,703,,,,,,,,,,,,,,,,,,
Klickitat,50-54,"1,655",803,852,,,,,,,,,,,,,,,,,,
Klickitat,55-59,"1,853",897,956,,,,,,,,,,,,,,,,,,
Klickitat,60-64,"1,681",859,822,,,,,,,,,,,,,,,,,,
Klickitat,65-69,"1,332",720,612,,,,,,,,,,,,,,,,,,
Klickitat,70-74,908,460,448,,,,,,,,,,,,,,,,,,
Klickitat,75-79,619,299,320,,,,,,,,,,,,,,,,,,
Klickitat,80-84,414,199,215,,,,,,,,,,,,,,,,,,
Klickitat,85+,352,128,224,,,,,,,,,,,,,,,,,,
Klickitat,Total,"20,318","10,268","10,050",,,,,,,,,,,,,,,,,,
Lewis,0-4,"4,585","2,383","2,202",,,,,,,,,,,,,,,,,,
Lewis,5-9,"4,539","2,327","2,212",,,,,,,,,,,,,,,,,,
Lewis,10-14,"5,094","2,560","2,534",,,,,,,,,,,,,,,,,,
Lewis,15-19,"5,311","2,915","2,396",,,,,,,,,,,,,,,,,,
Lewis,20-24,"4,242","2,206","2,036",,,,,,,,,,,,,,,,,,
Lewis,25-29,"4,269","2,167","2,102",,,,,,,,,,,,,,,,,,
Lewis,30-34,"4,201","2,111","2,090",,,,,,,,,,,,,,,,,,
Lewis,35-39,"4,120","2,039","2,081",,,,,,,,,,,,,,,,,,
Lewis,40-44,"4,449","2,268","2,181",,,,,,,,,,,,,,,,,,
Lewis,45-49,"5,316","2,600","2,716",,,,,,,,,,,,,,,,,,
Lewis,50-54,"5,655","2,832","2,823",,,,,,,,,,,,,,,,,,
Lewis,55-59,"5,482","2,677","2,805",,,,,,,,,,,,,,,,,,
Lewis,60-64,"5,116","2,591","2,525",,,,,,,,,,,,,,,,,,
Lewis,65-69,"4,169","2,036","2,133",,,,,,,,,,,,,,,,,,
Lewis,70-74,"3,116","1,564","1,552",,,,,,,,,,,,,,,,,,
Lewis,75-79,"2,296","1,063","1,233",,,,,,,,,,,,,,,,,,
Lewis,80-84,"1,753",780,973,,,,,,,,,,,,,,,,,,
Lewis,85+,"1,742",631,"1,111",,,,,,,,,,,,,,,,,,
Lewis,Total,"75,455","37,750","37,705",,,,,,,,,,,,,,,,,,
Lincoln,0-4,551,294,257,,,,,,,,,,,,,,,,,,
Lincoln,5-9,645,306,339,,,,,,,,,,,,,,,,,,
Lincoln,10-14,744,376,368,,,,,,,,,,,,,,,,,,
Lincoln,15-19,676,355,321,,,,,,,,,,,,,,,,,,
Lincoln,20-24,391,215,176,,,,,,,,,,,,,,,,,,
Lincoln,25-29,405,193,212,,,,,,,,,,,,,,,,,,
Lincoln,30-34,463,234,229,,,,,,,,,,,,,,,,,,
Lincoln,35-39,480,235,245,,,,,,,,,,,,,,,,,,
Lincoln,40-44,566,289,277,,,,,,,,,,,,,,,,,,
Lincoln,45-49,719,351,368,,,,,,,,,,,,,,,,,,
Lincoln,50-54,948,476,472,,,,,,,,,,,,,,,,,,
Lincoln,55-59,916,450,466,,,,,,,,,,,,,,,,,,
Lincoln,60-64,869,446,423,,,,,,,,,,,,,,,,,,
Lincoln,65-69,690,347,343,,,,,,,,,,,,,,,,,,
Lincoln,70-74,549,279,270,,,,,,,,,,,,,,,,,,
Lincoln,75-79,393,190,203,,,,,,,,,,,,,,,,,,
Lincoln,80-84,282,133,149,,,,,,,,,,,,,,,,,,
Lincoln,85+,283,108,175,,,,,,,,,,,,,,,,,,
Lincoln,Total,"10,570","5,277","5,293",,,,,,,,,,,,,,,,,,
Mason,0-4,"3,278","1,717","1,561",,,,,,,,,,,,,,,,,,
Mason,5-9,"3,357","1,749","1,608",,,,,,,,,,,,,,,,,,
Mason,10-14,"3,513","1,808","1,705",,,,,,,,,,,,,,,,,,
Mason,15-19,"3,688","1,967","1,721",,,,,,,,,,,,,,,,,,
Mason,20-24,"3,124","1,778","1,346",,,,,,,,,,,,,,,,,,
Mason,25-29,"3,532","1,944","1,588",,,,,,,,,,,,,,,,,,
Mason,30-34,"3,371","1,905","1,466",,,,,,,,,,,,,,,,,,
Mason,35-39,"3,403","1,826","1,577",,,,,,,,,,,,,,,,,,
Mason,40-44,"3,548","1,890","1,658",,,,,,,,,,,,,,,,,,
Mason,45-49,"4,388","2,220","2,168",,,,,,,,,,,,,,,,,,
Mason,50-54,"4,783","2,481","2,302",,,,,,,,,,,,,,,,,,
Mason,55-59,"4,998","2,452","2,546",,,,,,,,,,,,,,,,,,
Mason,60-64,"4,604","2,268","2,336",,,,,,,,,,,,,,,,,,
Mason,65-69,"3,722","1,804","1,918",,,,,,,,,,,,,,,,,,
Mason,70-74,"2,842","1,437","1,405",,,,,,,,,,,,,,,,,,
Mason,75-79,"2,006","1,037",969,,,,,,,,,,,,,,,,,,
Mason,80-84,"1,424",673,751,,,,,,,,,,,,,,,,,,
Mason,85+,"1,118",444,674,,,,,,,,,,,,,,,,,,
Mason,Total,"60,699","31,400","29,299",,,,,,,,,,,,,,,,,,
Okanogan,0-4,"2,805","1,443","1,362",,,,,,,,,,,,,,,,,,
Okanogan,5-9,"2,531","1,295","1,236",,,,,,,,,,,,,,,,,,
Okanogan,10-14,"2,616","1,384","1,232",,,,,,,,,,,,,,,,,,
Okanogan,15-19,"2,673","1,373","1,300",,,,,,,,,,,,,,,,,,
Okanogan,20-24,"2,022","1,060",962,,,,,,,,,,,,,,,,,,
Okanogan,25-29,"2,156","1,101","1,055",,,,,,,,,,,,,,,,,,
Okanogan,30-34,"2,146","1,105","1,041",,,,,,,,,,,,,,,,,,
Okanogan,35-39,"2,260","1,129","1,131",,,,,,,,,,,,,,,,,,
Okanogan,40-44,"2,295","1,162","1,133",,,,,,,,,,,,,,,,,,
Okanogan,45-49,"2,752","1,342","1,410",,,,,,,,,,,,,,,,,,
Okanogan,50-54,"3,247","1,573","1,674",,,,,,,,,,,,,,,,,,
Okanogan,55-59,"3,353","1,669","1,684",,,,,,,,,,,,,,,,,,
Okanogan,60-64,"3,194","1,636","1,558",,,,,,,,,,,,,,,,,,
Okanogan,65-69,"2,410","1,271","1,139",,,,,,,,,,,,,,,,,,
Okanogan,70-74,"1,774",932,842,,,,,,,,,,,,,,,,,,
Okanogan,75-79,"1,261",622,639,,,,,,,,,,,,,,,,,,
Okanogan,80-84,842,366,476,,,,,,,,,,,,,,,,,,
Okanogan,85+,783,287,496,,,,,,,,,,,,,,,,,,
Okanogan,Total,"41,120","20,750","20,370",,,,,,,,,,,,,,,,,,
Pacific,0-4,995,535,460,,,,,,,,,,,,,,,,,,
Pacific,5-9,978,499,479,,,,,,,,,,,,,,,,,,
Pacific,10-14,"1,016",506,510,,,,,,,,,,,,,,,,,,
Pacific,15-19,"1,172",668,504,,,,,,,,,,,,,,,,,,
Pacific,20-24,889,470,419,,,,,,,,,,,,,,,,,,
Pacific,25-29,904,467,437,,,,,,,,,,,,,,,,,,
Pacific,30-34,914,492,422,,,,,,,,,,,,,,,,,,
Pacific,35-39,897,440,457,,,,,,,,,,,,,,,,,,
Pacific,40-44,"1,091",555,536,,,,,,,,,,,,,,,,,,
Pacific,45-49,"1,330",666,664,,,,,,,,,,,,,,,,,,
Pacific,50-54,"1,620",792,828,,,,,,,,,,,,,,,,,,
Pacific,55-59,"1,988",962,"1,026",,,,,,,,,,,,,,,,,,
Pacific,60-64,"1,943",945,998,,,,,,,,,,,,,,,,,,
Pacific,65-69,"1,725",853,872,,,,,,,,,,,,,,,,,,
Pacific,70-74,"1,289",649,640,,,,,,,,,,,,,,,,,,
Pacific,75-79,921,449,472,,,,,,,,,,,,,,,,,,
Pacific,80-84,653,320,333,,,,,,,,,,,,,,,,,,
Pacific,85+,595,220,375,,,,,,,,,,,,,,,,,,
Pacific,Total,"20,920","10,488","10,432",,,,,,,,,,,,,,,,,,
Pend Oreille,0-4,698,341,357,,,,,,,,,,,,,,,,,,
Pend Oreille,5-9,696,386,310,,,,,,,,,,,,,,,,,,
Pend Oreille,10-14,868,460,408,,,,,,,,,,,,,,,,,,
Pend Oreille,15-19,791,409,382,,,,,,,,,,,,,,,,,,
Pend Oreille,20-24,488,243,245,,,,,,,,,,,,,,,,,,
Pend Oreille,25-29,511,251,260,,,,,,,,,,,,,,,,,,
Pend Oreille,30-34,533,263,270,,,,,,,,,,,,,,,,,,
Pend Oreille,35-39,644,327,317,,,,,,,,,,,,,,,,,,
Pend Oreille,40-44,730,369,361,,,,,,,,,,,,,,,,,,
Pend Oreille,45-49,994,490,504,,,,,,,,,,,,,,,,,,
Pend Oreille,50-54,"1,143",561,582,,,,,,,,,,,,,,,,,,
Pend Oreille,55-59,"1,244",655,589,,,,,,,,,,,,,,,,,,
Pend Oreille,60-64,"1,176",612,564,,,,,,,,,,,,,,,,,,
Pend Oreille,65-69,933,463,470,,,,,,,,,,,,,,,,,,
Pend Oreille,70-74,608,333,275,,,,,,,,,,,,,,,,,,
Pend Oreille,75-79,424,212,212,,,,,,,,,,,,,,,,,,
Pend Oreille,80-84,263,128,135,,,,,,,,,,,,,,,,,,
Pend Oreille,85+,257,90,167,,,,,,,,,,,,,,,,,,
Pend Oreille,Total,"13,001","6,593","6,408",,,,,,,,,,,,,,,,,,
Pierce,0-4,"55,663","28,414","27,249",,,,,,,,,,,,,,,,,,
Pierce,5-9,"53,579","27,330","26,249",,,,,,,,,,,,,,,,,,
Pierce,10-14,"54,838","28,039","26,799",,,,,,,,,,,,,,,,,,
Pierce,15-19,"56,289","28,898","27,391",,,,,,,,,,,,,,,,,,
Pierce,20-24,"56,203","28,636","27,567",,,,,,,,,,,,,,,,,,
Pierce,25-29,"58,327","28,877","29,450",,,,,,,,,,,,,,,,,,
Pierce,30-34,"53,723","26,607","27,116",,,,,,,,,,,,,,,,,,
Pierce,35-39,"52,825","26,405","26,420",,,,,,,,,,,,,,,,,,
Pierce,40-44,"55,602","27,611","27,991",,,,,,,,,,,,,,,,,,
Pierce,45-49,"59,711","29,941","29,770",,,,,,,,,,,,,,,,,,
Pierce,50-54,"59,232","29,334","29,898",,,,,,,,,,,,,,,,,,
Pierce,55-59,"50,100","24,254","25,846",,,,,,,,,,,,,,,,,,
Pierce,60-64,"41,348","20,146","21,202",,,,,,,,,,,,,,,,,,
Pierce,65-69,"28,956","13,772","15,184",,,,,,,,,,,,,,,,,,
Pierce,70-74,"19,951","9,206","10,745",,,,,,,,,,,,,,,,,,
Pierce,75-79,"15,812","7,004","8,808",,,,,,,,,,,,,,,,,,
Pierce,80-84,"11,885","4,768","7,117",,,,,,,,,,,,,,,,,,
Pierce,85+,"11,181","3,692","7,489",,,,,,,,,,,,,,,,,,
Pierce,Total,"795,225","392,934","402,291",,,,,,,,,,,,,,,,,,
San Juan,0-4,539,258,281,,,,,,,,,,,,,,,,,,
San Juan,5-9,647,322,325,,,,,,,,,,,,,,,,,,
San Juan,10-14,776,379,397,,,,,,,,,,,,,,,,,,
San Juan,15-19,746,376,370,,,,,,,,,,,,,,,,,,
San Juan,20-24,511,265,246,,,,,,,,,,,,,,,,,,
San Juan,25-29,589,270,319,,,,,,,,,,,,,,,,,,
San Juan,30-34,668,338,330,,,,,,,,,,,,,,,,,,
San Juan,35-39,730,379,351,,,,,,,,,,,,,,,,,,
San Juan,40-44,841,397,444,,,,,,,,,,,,,,,,,,
San Juan,45-49,"1,124",543,581,,,,,,,,,,,,,,,,,,
San Juan,50-54,"1,398",642,756,,,,,,,,,,,,,,,,,,
San Juan,55-59,"1,707",815,892,,,,,,,,,,,,,,,,,,
San Juan,60-64,"1,836",873,963,,,,,,,,,,,,,,,,,,
San Juan,65-69,"1,382",712,670,,,,,,,,,,,,,,,,,,
San Juan,70-74,892,453,439,,,,,,,,,,,,,,,,,,
San Juan,75-79,558,288,270,,,,,,,,,,,,,,,,,,
San Juan,80-84,373,184,189,,,,,,,,,,,,,,,,,,
San Juan,85+,452,171,281,,,,,,,,,,,,,,,,,,
San Juan,Total,"15,769","7,665","8,104",,,,,,,,,,,,,,,,,,
Skagit,0-4,"7,597","3,847","3,750",,,,,,,,,,,,,,,,,,
Skagit,5-9,"7,414","3,732","3,682",,,,,,,,,,,,,,,,,,
Skagit,10-14,"7,696","3,919","3,777",,,,,,,,,,,,,,,,,,
Skagit,15-19,"8,052","4,171","3,881",,,,,,,,,,,,,,,,,,
Skagit,20-24,"6,580","3,387","3,193",,,,,,,,,,,,,,,,,,
Skagit,25-29,"7,320","3,771","3,549",,,,,,,,,,,,,,,,,,
Skagit,30-34,"6,784","3,451","3,333",,,,,,,,,,,,,,,,,,
Skagit,35-39,"6,804","3,389","3,415",,,,,,,,,,,,,,,,,,
Skagit,40-44,"7,024","3,609","3,415",,,,,,,,,,,,,,,,,,
Skagit,45-49,"7,940","3,978","3,962",,,,,,,,,,,,,,,,,,
Skagit,50-54,"8,571","4,153","4,418",,,,,,,,,,,,,,,,,,
Skagit,55-59,"8,504","4,148","4,356",,,,,,,,,,,,,,,,,,
Skagit,60-64,"7,739","3,728","4,011",,,,,,,,,,,,,,,,,,
Skagit,65-69,"5,972","2,925","3,047",,,,,,,,,,,,,,,,,,
Skagit,70-74,"4,287","2,093","2,194",,,,,,,,,,,,,,,,,,
Skagit,75-79,"3,271","1,524","1,747",,,,,,,,,,,,,,,,,,
Skagit,80-84,"2,656","1,196","1,460",,,,,,,,,,,,,,,,,,
Skagit,85+,"2,690",959,"1,731",,,,,,,,,,,,,,,,,,
Skagit,Total,"116,901","57,980","58,921",,,,,,,,,,,,,,,,,,
Skamania,0-4,604,301,303,,,,,,,,,,,,,,,,,,
Skamania,5-9,648,326,322,,,,,,,,,,,,,,,,,,
Skamania,10-14,730,367,363,,,,,,,,,,,,,,,,,,
Skamania,15-19,717,378,339,,,,,,,,,,,,,,,,,,
Skamania,20-24,451,235,216,,,,,,,,,,,,,,,,,,
Skamania,25-29,501,242,259,,,,,,,,,,,,,,,,,,
Skamania,30-34,639,330,309,,,,,,,,,,,,,,,,,,
Skamania,35-39,674,316,358,,,,,,,,,,,,,,,,,,
Skamania,40-44,710,351,359,,,,,,,,,,,,,,,,,,
Skamania,45-49,943,487,456,,,,,,,,,,,,,,,,,,
Skamania,50-54,"1,013",486,527,,,,,,,,,,,,,,,,,,
Skamania,55-59,"1,028",533,495,,,,,,,,,,,,,,,,,,
Skamania,60-64,812,427,385,,,,,,,,,,,,,,,,,,
Skamania,65-69,617,312,305,,,,,,,,,,,,,,,,,,
Skamania,70-74,364,185,179,,,,,,,,,,,,,,,,,,
Skamania,75-79,276,138,138,,,,,,,,,,,,,,,,,,
Skamania,80-84,188,89,99,,,,,,,,,,,,,,,,,,
Skamania,85+,151,62,89,,,,,,,,,,,,,,,,,,
Skamania,Total,"11,066","5,565","5,501",,,,,,,,,,,,,,,,,,
Snohomish,0-4,"47,378","24,247","23,131",,,,,,,,,,,,,,,,,,
Snohomish,5-9,"47,064","24,022","23,042",,,,,,,,,,,,,,,,,,
Snohomish,10-14,"48,705","24,879","23,826",,,,,,,,,,,,,,,,,,
Snohomish,15-19,"49,561","25,653","23,908",,,,,,,,,,,,,,,,,,
Snohomish,20-24,"44,412","23,256","21,156",,,,,,,,,,,,,,,,,,
Snohomish,25-29,"49,844","25,524","24,320",,,,,,,,,,,,,,,,,,
Snohomish,30-34,"49,359","25,233","24,126",,,,,,,,,,,,,,,,,,
Snohomish,35-39,"50,660","25,735","24,925",,,,,,,,,,,,,,,,,,
Snohomish,40-44,"53,814","27,436","26,378",,,,,,,,,,,,,,,,,,
Snohomish,45-49,"58,168","29,280","28,888",,,,,,,,,,,,,,,,,,
Snohomish,50-54,"56,243","28,308","27,935",,,,,,,,,,,,,,,,,,
Snohomish,55-59,"47,545","23,509","24,036",,,,,,,,,,,,,,,,,,
Snohomish,60-64,"37,038","17,914","19,124",,,,,,,,,,,,,,,,,,
Snohomish,65-69,"24,442","11,726","12,716",,,,,,,,,,,,,,,,,,
Snohomish,70-74,"16,577","7,561","9,016",,,,,,,,,,,,,,,,,,
Snohomish,75-79,"12,712","5,504","7,208",,,,,,,,,,,,,,,,,,
Snohomish,80-84,"9,605","3,736","5,869",,,,,,,,,,,,,,,,,,
Snohomish,85+,"10,208","3,435","6,773",,,,,,,,,,,,,,,,,,
Snohomish,Total,"713,335","356,958","356,377",,,,,,,,,,,,,,,,,,
Spokane,0-4,"30,241","15,499","14,742",,,,,,,,,,,,,,,,,,
Spokane,5-9,"29,752","15,307","14,445",,,,,,,,,,,,,,,,,,
Spokane,10-14,"30,441","15,640","14,801",,,,,,,,,,,,,,,,,,
Spokane,15-19,"34,817","17,496","17,321",,,,,,,,,,,,,,,,,,
Spokane,20-24,"38,015","18,981","19,034",,,,,,,,,,,,,,,,,,
Spokane,25-29,"33,376","17,156","16,220",,,,,,,,,,,,,,,,,,
Spokane,30-34,"28,921","14,680","14,241",,,,,,,,,,,,,,,,,,
Spokane,35-39,"28,317","14,440","13,877",,,,,,,,,,,,,,,,,,
Spokane,40-44,"29,426","14,744","14,682",,,,,,,,,,,,,,,,,,
Spokane,45-49,"33,652","16,583","17,069",,,,,,,,,,,,,,,,,,
Spokane,50-54,"34,173","16,855","17,318",,,,,,,,,,,,,,,,,,
Spokane,55-59,"32,241","15,681","16,560",,,,,,,,,,,,,,,,,,
Spokane,60-64,"26,880","13,137","13,743",,,,,,,,,,,,,,,,,,
Spokane,65-69,"18,719","8,947","9,772",,,,,,,,,,,,,,,,,,
Spokane,70-74,"13,446","6,275","7,171",,,,,,,,,,,,,,,,,,
Spokane,75-79,"10,790","4,748","6,042",,,,,,,,,,,,,,,,,,
Spokane,80-84,"8,645","3,414","5,231",,,,,,,,,,,,,,,,,,
Spokane,85+,"9,369","3,113","6,256",,,,,,,,,,,,,,,,,,
Spokane,Total,"471,221","232,696","238,525",,,,,,,,,,,,,,,,,,
Stevens,0-4,"2,310","1,182","1,128",,,,,,,,,,,,,,,,,,
Stevens,5-9,"2,756","1,449","1,307",,,,,,,,,,,,,,,,,,
Stevens,10-14,"3,244","1,629","1,615",,,,,,,,,,,,,,,,,,
Stevens,15-19,"3,205","1,699","1,506",,,,,,,,,,,,,,,,,,
Stevens,20-24,"1,675",883,792,,,,,,,,,,,,,,,,,,
Stevens,25-29,"1,723",850,873,,,,,,,,,,,,,,,,,,
Stevens,30-34,"1,984",921,"1,063",,,,,,,,,,,,,,,,,,
Stevens,35-39,"2,270","1,152","1,118",,,,,,,,,,,,,,,,,,
Stevens,40-44,"2,583","1,229","1,354",,,,,,,,,,,,,,,,,,
Stevens,45-49,"3,153","1,526","1,627",,,,,,,,,,,,,,,,,,
Stevens,50-54,"3,822","1,845","1,977",,,,,,,,,,,,,,,,,,
Stevens,55-59,"3,817","1,888","1,929",,,,,,,,,,,,,,,,,,
Stevens,60-64,"3,473","1,784","1,689",,,,,,,,,,,,,,,,,,
Stevens,65-69,"2,797","1,480","1,317",,,,,,,,,,,,,,,,,,
Stevens,70-74,"1,917","1,010",907,,,,,,,,,,,,,,,,,,
Stevens,75-79,"1,235",601,634,,,,,,,,,,,,,,,,,,
Stevens,80-84,817,379,438,,,,,,,,,,,,,,,,,,
Stevens,85+,750,275,475,,,,,,,,,,,,,,,,,,
Stevens,Total,"43,531","21,782","21,749",,,,,,,,,,,,,,,,,,
Thurston,0-4,"15,381","7,922","7,459",,,,,,,,,,,,,,,,,,
Thurston,5-9,"15,629","8,037","7,592",,,,,,,,,,,,,,,,,,
Thurston,10-14,"16,559","8,587","7,972",,,,,,,,,,,,,,,,,,
Thurston,15-19,"17,216","8,881","8,335",,,,,,,,,,,,,,,,,,
Thurston,20-24,"16,325","8,101","8,224",,,,,,,,,,,,,,,,,,
Thurston,25-29,"17,406","8,602","8,804",,,,,,,,,,,,,,,,,,
Thurston,30-34,"16,609","8,202","8,407",,,,,,,,,,,,,,,,,,
Thurston,35-39,"16,276","7,986","8,290",,,,,,,,,,,,,,,,,,
Thurston,40-44,"16,731","8,315","8,416",,,,,,,,,,,,,,,,,,
Thurston,45-49,"18,108","8,785","9,323",,,,,,,,,,,,,,,,,,
Thurston,50-54,"18,935","8,946","9,989",,,,,,,,,,,,,,,,,,
Thurston,55-59,"18,485","8,572","9,913",,,,,,,,,,,,,,,,,,
Thurston,60-64,"15,840","7,534","8,306",,,,,,,,,,,,,,,,,,
Thurston,65-69,"11,012","5,213","5,799",,,,,,,,,,,,,,,,,,
Thurston,70-74,"7,272","3,405","3,867",,,,,,,,,,,,,,,,,,
Thurston,75-79,"5,557","2,562","2,995",,,,,,,,,,,,,,,,,,
Thurston,80-84,"4,376","1,786","2,590",,,,,,,,,,,,,,,,,,
Thurston,85+,"4,547","1,516","3,031",,,,,,,,,,,,,,,,,,
Thurston,Total,"252,264","122,952","129,312",,,,,,,,,,,,,,,,,,
Wahkiakum,0-4,159,73,86,,,,,,,,,,,,,,,,,,
Wahkiakum,5-9,191,99,92,,,,,,,,,,,,,,,,,,
Wahkiakum,10-14,233,113,120,,,,,,,,,,,,,,,,,,
Wahkiakum,15-19,209,124,85,,,,,,,,,,,,,,,,,,
Wahkiakum,20-24,113,63,50,,,,,,,,,,,,,,,,,,
Wahkiakum,25-29,147,83,64,,,,,,,,,,,,,,,,,,
Wahkiakum,30-34,156,77,79,,,,,,,,,,,,,,,,,,
Wahkiakum,35-39,168,78,90,,,,,,,,,,,,,,,,,,
Wahkiakum,40-44,216,112,104,,,,,,,,,,,,,,,,,,
Wahkiakum,45-49,274,142,132,,,,,,,,,,,,,,,,,,
Wahkiakum,50-54,291,142,149,,,,,,,,,,,,,,,,,,
Wahkiakum,55-59,382,191,191,,,,,,,,,,,,,,,,,,
Wahkiakum,60-64,424,199,225,,,,,,,,,,,,,,,,,,
Wahkiakum,65-69,378,200,178,,,,,,,,,,,,,,,,,,
Wahkiakum,70-74,264,132,132,,,,,,,,,,,,,,,,,,
Wahkiakum,75-79,163,86,77,,,,,,,,,,,,,,,,,,
Wahkiakum,80-84,105,52,53,,,,,,,,,,,,,,,,,,
Wahkiakum,85+,105,33,72,,,,,,,,,,,,,,,,,,
Wahkiakum,Total,"3,978","1,999","1,979",,,,,,,,,,,,,,,,,,
Walla Walla,0-4,"3,513","1,807","1,706",,,,,,,,,,,,,,,,,,
Walla Walla,5-9,"3,613","1,812","1,801",,,,,,,,,,,,,,,,,,
Walla Walla,10-14,"3,764","1,875","1,889",,,,,,,,,,,,,,,,,,
Walla Walla,15-19,"4,887","2,464","2,423",,,,,,,,,,,,,,,,,,
Walla Walla,20-24,"5,223","2,852","2,371",,,,,,,,,,,,,,,,,,
Walla Walla,25-29,"3,831","2,200","1,631",,,,,,,,,,,,,,,,,,
Walla Walla,30-34,"3,483","1,907","1,576",,,,,,,,,,,,,,,,,,
Walla Walla,35-39,"3,294","1,761","1,533",,,,,,,,,,,,,,,,,,
Walla Walla,40-44,"3,460","1,815","1,645",,,,,,,,,,,,,,,,,,
Walla Walla,45-49,"3,809","1,983","1,826",,,,,,,,,,,,,,,,,,
Walla Walla,50-54,"4,052","2,012","2,040",,,,,,,,,,,,,,,,,,
Walla Walla,55-59,"3,795","1,903","1,892",,,,,,,,,,,,,,,,,,
Walla Walla,60-64,"3,279","1,644","1,635",,,,,,,,,,,,,,,,,,
Walla Walla,65-69,"2,412","1,197","1,215",,,,,,,,,,,,,,,,,,
Walla Walla,70-74,"1,736",791,945,,,,,,,,,,,,,,,,,,
Walla Walla,75-79,"1,586",695,891,,,,,,,,,,,,,,,,,,
Walla Walla,80-84,"1,429",547,882,,,,,,,,,,,,,,,,,,
Walla Walla,85+,"1,615",570,"1,045",,,,,,,,,,,,,,,,,,
Walla Walla,Total,"58,781","29,835","28,946",,,,,,,,,,,,,,,,,,
Whatcom,0-4,"11,337","5,859","5,478",,,,,,,,,,,,,,,,,,
Whatcom,5-9,"11,265","5,810","5,455",,,,,,,,,,,,,,,,,,
Whatcom,10-14,"12,059","6,122","5,937",,,,,,,,,,,,,,,,,,
Whatcom,15-19,"15,905","7,882","8,023",,,,,,,,,,,,,,,,,,
Whatcom,20-24,"20,277","10,211","10,066",,,,,,,,,,,,,,,,,,
Whatcom,25-29,"14,019","7,262","6,757",,,,,,,,,,,,,,,,,,
Whatcom,30-34,"12,150","6,180","5,970",,,,,,,,,,,,,,,,,,
Whatcom,35-39,"11,676","5,858","5,818",,,,,,,,,,,,,,,,,,
Whatcom,40-44,"12,319","6,123","6,196",,,,,,,,,,,,,,,,,,
Whatcom,45-49,"13,532","6,694","6,838",,,,,,,,,,,,,,,,,,
Whatcom,50-54,"13,797","6,766","7,031",,,,,,,,,,,,,,,,,,
Whatcom,55-59,"13,828","6,599","7,229",,,,,,,,,,,,,,,,,,
Whatcom,60-64,"12,336","6,097","6,239",,,,,,,,,,,,,,,,,,
Whatcom,65-69,"8,760","4,323","4,437",,,,,,,,,,,,,,,,,,
Whatcom,70-74,"5,908","2,871","3,037",,,,,,,,,,,,,,,,,,
Whatcom,75-79,"4,563","2,135","2,428",,,,,,,,,,,,,,,,,,
Whatcom,80-84,"3,666","1,560","2,106",,,,,,,,,,,,,,,,,,
Whatcom,85+,"3,743","1,283","2,460",,,,,,,,,,,,,,,,,,
Whatcom,Total,"201,140","99,635","101,505",,,,,,,,,,,,,,,,,,
Whitman,0-4,"1,978","1,069",909,,,,,,,,,,,,,,,,,,
Whitman,5-9,"1,810",908,902,,,,,,,,,,,,,,,,,,
Whitman,10-14,"1,789",950,839,,,,,,,,,,,,,,,,,,
Whitman,15-19,"6,072","2,911","3,161",,,,,,,,,,,,,,,,,,
Whitman,20-24,"11,394","6,162","5,232",,,,,,,,,,,,,,,,,,
Whitman,25-29,"3,621","1,899","1,722",,,,,,,,,,,,,,,,,,
Whitman,30-34,"2,324","1,220","1,104",,,,,,,,,,,,,,,,,,
Whitman,35-39,"1,806",912,894,,,,,,,,,,,,,,,,,,
Whitman,40-44,"1,864",927,937,,,,,,,,,,,,,,,,,,
Whitman,45-49,"2,003",980,"1,023",,,,,,,,,,,,,,,,,,
Whitman,50-54,"2,212","1,099","1,113",,,,,,,,,,,,,,,,,,
Whitman,55-59,"1,967","1,018",949,,,,,,,,,,,,,,,,,,
Whitman,60-64,"1,679",804,875,,,,,,,,,,,,,,,,,,
Whitman,65-69,"1,343",664,679,,,,,,,,,,,,,,,,,,
Whitman,70-74,885,420,465,,,,,,,,,,,,,,,,,,
Whitman,75-79,716,338,378,,,,,,,,,,,,,,,,,,
Whitman,80-84,584,255,329,,,,,,,,,,,,,,,,,,
Whitman,85+,729,270,459,,,,,,,,,,,,,,,,,,
Whitman,Total,"44,776","22,806","21,970",,,,,,,,,,,,,,,,,,
Yakima,0-4,"21,409","10,950","10,459",,,,,,,,,,,,,,,,,,
Yakima,5-9,"20,456","10,399","10,057",,,,,,,,,,,,,,,,,,
Yakima,10-14,"19,859","10,196","9,663",,,,,,,,,,,,,,,,,,
Yakima,15-19,"19,964","10,454","9,510",,,,,,,,,,,,,,,,,,
Yakima,20-24,"16,530","8,593","7,937",,,,,,,,,,,,,,,,,,
Yakima,25-29,"16,317","8,156","8,161",,,,,,,,,,,,,,,,,,
Yakima,30-34,"15,601","7,855","7,746",,,,,,,,,,,,,,,,,,
Yakima,35-39,"14,947","7,500","7,447",,,,,,,,,,,,,,,,,,
Yakima,40-44,"14,484","7,345","7,139",,,,,,,,,,,,,,,,,,
Yakima,45-49,"15,375","7,729","7,646",,,,,,,,,,,,,,,,,,
Yakima,50-54,"14,968","7,574","7,394",,,,,,,,,,,,,,,,,,
Yakima,55-59,"13,656","6,607","7,049",,,,,,,,,,,,,,,,,,
Yakima,60-64,"11,543","5,750","5,793",,,,,,,,,,,,,,,,,,
Yakima,65-69,"8,828","4,287","4,541",,,,,,,,,,,,,,,,,,
Yakima,70-74,"6,371","3,007","3,364",,,,,,,,,,,,,,,,,,
Yakima,75-79,"4,918","2,211","2,707",,,,,,,,,,,,,,,,,,
Yakima,80-84,"3,938","1,666","2,272",,,,,,,,,,,,,,,,,,
Yakima,85+,"4,067","1,397","2,670",,,,,,,,,,,,,,,,,,
Yakima,Total,"243,231","121,676","121,555",,,,,,,,,,,,,,,,,,
